method,transform emb,project,# layers,lr,train epochs,epoch time,train loss,val acc,test acc,best val acc,test acc on best val acc,run id
vanilla,-,-,"1x200 F, 1x200 G, 1x200 H",0.001,30,0:28,,0.843629,0.835912,0.845255,0.837846,
vanilla,-,-,"2x200 F, 2x200 G, 2x200 H",0.001,30,0:43,,0.854095,0.851486,0.854704,0.851995,
vanilla,norm,-,"2x200 F, 2x200 G, 1x200 H",0.001,30,0:41,0.372521,0.855009,0.852708,0.855111,0.853217,
vanilla,norm,-,"2x200 F, 2x200 G, 2x200 H",0.001,400,0:43,0.285776,0.849218,0.850672,0.861817,0.855151,54c3186f
vanilla,norm,rand,"2x200 F, 2x200 G, 2x200 H",0.001,400,0:40,0.334470,0.857752,0.855965,0.861410,0.859222,846be160
vanilla,mean norm,rand,"2x200 F, 2x200 G, 2x200 H",0.001,400,0:40,0.337874,0.855416,0.849959,0.862122,0.855252,995a7e36
vanilla,mean norm,pca,"2x200 F, 2x200 G, 2x200 H",0.001,400,0:40,0.331006,0.856432,0.85169,0.863239,0.853522,d2eacd77
intra,norm,rand,"2x200 F_intra, 2x200 F, 2x200 G, 2x200 H",0.001,400,1:00,0.252901,0.843528,0.837032,0.864154,0.854642,d841b5b4
